{"cameraMode":{"drawMode":0,"name":"Shaded","section":"Shading Mode"},"sceneLighting":true,"audioPlay":false,"sceneViewState":{"showFog":true,"showMaterialUpdate":true,"showSkybox":true,"showFlares":true,"showImageEffects":true,"showParticleSystems":true,"showVisualEffectGraphs":true,"m_FxEnabled":true},"in2DMode":false,"pivot":{"x":17.121898651123048,"y":-7.2043256759643559,"z":2.392995834350586},"rotation":{"x":0.6002582311630249,"y":0.050757136195898059,"z":-0.038318611681461337,"w":0.7973470091819763},"size":20.425384521484376,"orthographic":false}