{"cameraMode":{"drawMode":0,"name":"Shaded","section":"Shading Mode"},"sceneLighting":true,"audioPlay":false,"sceneViewState":{"showFog":true,"showMaterialUpdate":true,"showSkybox":true,"showFlares":true,"showImageEffects":true,"showParticleSystems":true,"showVisualEffectGraphs":true,"m_FxEnabled":true},"in2DMode":false,"pivot":{"x":-0.11307120323181153,"y":-2.4324281215667726,"z":-1.8326023817062379},"rotation":{"x":-0.6851978898048401,"y":0.0022030211985111238,"z":-0.0019150584703311325,"w":-0.7284560203552246},"size":25.024311065673829,"orthographic":false}