{"cameraMode":{"drawMode":0,"name":"Shaded","section":"Shading Mode"},"sceneLighting":true,"audioPlay":false,"sceneViewState":{"showFog":true,"showMaterialUpdate":true,"showSkybox":true,"showFlares":true,"showImageEffects":true,"showParticleSystems":true,"showVisualEffectGraphs":true,"m_FxEnabled":true},"in2DMode":false,"pivot":{"x":-0.5162235498428345,"y":0.37430477142333987,"z":-0.09177970886230469},"rotation":{"x":0.4778842628002167,"y":0.016327686607837678,"z":-0.008968294598162175,"w":0.8782911896705627},"size":8.519442558288575,"orthographic":false}