{"cameraMode":{"drawMode":0,"name":"Shaded","section":"Shading Mode"},"sceneLighting":true,"audioPlay":false,"sceneViewState":{"showFog":true,"showMaterialUpdate":true,"showSkybox":true,"showFlares":true,"showImageEffects":true,"showParticleSystems":true,"showVisualEffectGraphs":true,"m_FxEnabled":true},"in2DMode":false,"pivot":{"x":-0.045844852924346927,"y":0.7968846559524536,"z":-0.01639193296432495},"rotation":{"x":-0.011276185512542725,"y":0.9753992557525635,"z":-0.21433989703655244,"w":-0.051258932799100879},"size":1.2955524921417237,"orthographic":false}