{"cameraMode":{"drawMode":0,"name":"Shaded","section":"Shading Mode"},"sceneLighting":true,"audioPlay":false,"sceneViewState":{"showFog":true,"showMaterialUpdate":true,"showSkybox":true,"showFlares":true,"showImageEffects":true,"showParticleSystems":true,"showVisualEffectGraphs":true,"m_FxEnabled":true},"in2DMode":false,"pivot":{"x":-0.30369332432746889,"y":0.5061551928520203,"z":1.5095038414001465},"rotation":{"x":0.49758750200271609,"y":0.008309178985655308,"z":-0.00493684271350503,"w":0.867429256439209},"size":7.215864658355713,"orthographic":false}