{"cameraMode":{"drawMode":0,"name":"Shaded","section":"Shading Mode"},"sceneLighting":true,"audioPlay":false,"sceneViewState":{"showFog":true,"showMaterialUpdate":true,"showSkybox":true,"showFlares":true,"showImageEffects":true,"showParticleSystems":true,"showVisualEffectGraphs":true,"m_FxEnabled":true},"in2DMode":false,"pivot":{"x":-1.6192131042480469,"y":-3.0289149284362795,"z":-0.1536731719970703},"rotation":{"x":0.45985305309295657,"y":0.05506928265094757,"z":-0.02872760035097599,"w":0.8858872056007385},"size":7.054651737213135,"orthographic":false}