{"cameraMode":{"drawMode":0,"name":"Shaded","section":"Shading Mode"},"sceneLighting":true,"audioPlay":false,"sceneViewState":{"showFog":true,"showMaterialUpdate":true,"showSkybox":true,"showFlares":true,"showImageEffects":true,"showParticleSystems":true,"showVisualEffectGraphs":true,"m_FxEnabled":true},"in2DMode":false,"pivot":{"x":-0.11633297801017761,"y":0.5816408395767212,"z":0.36817479133605959},"rotation":{"x":-0.01709059067070484,"y":0.9141400456428528,"z":-0.03869153559207916,"w":-0.4033106565475464},"size":1.5119428634643555,"orthographic":false}