{"cameraMode":{"drawMode":0,"name":"Shaded","section":"Shading Mode"},"sceneLighting":true,"audioPlay":false,"sceneViewState":{"showFog":true,"showMaterialUpdate":true,"showSkybox":true,"showFlares":true,"showImageEffects":true,"showParticleSystems":true,"showVisualEffectGraphs":true,"m_FxEnabled":true},"in2DMode":false,"pivot":{"x":1.828285813331604,"y":0.6578322052955627,"z":0.6031213998794556},"rotation":{"x":-0.022333713248372079,"y":0.9330058097839356,"z":-0.05759601667523384,"w":-0.354790598154068},"size":0.9758910536766052,"orthographic":false}