{"cameraMode":{"drawMode":0,"name":"Shaded","section":"Shading Mode"},"sceneLighting":true,"audioPlay":false,"sceneViewState":{"showFog":true,"showMaterialUpdate":true,"showSkybox":true,"showFlares":true,"showImageEffects":true,"showParticleSystems":true,"showVisualEffectGraphs":true,"m_FxEnabled":true},"in2DMode":false,"pivot":{"x":3.783993721008301,"y":0.8256412744522095,"z":1.3387504816055298},"rotation":{"x":-0.3482089936733246,"y":-0.0281135905534029,"z":0.010783389210700989,"w":-0.9370237588882446},"size":7.9889092445373539,"orthographic":false}