{"cameraMode":{"drawMode":0,"name":"Shaded","section":"Shading Mode"},"sceneLighting":false,"audioPlay":false,"sceneViewState":{"showFog":false,"showMaterialUpdate":false,"showSkybox":false,"showFlares":false,"showImageEffects":false,"showParticleSystems":false,"showVisualEffectGraphs":true,"m_FxEnabled":true},"in2DMode":false,"pivot":{"x":3.5762786865234377e-7,"y":0.6221926212310791,"z":0.014311254024505616},"rotation":{"x":0.07064376026391983,"y":0.9091876745223999,"z":-0.3724648952484131,"w":0.17250171303749085},"size":0.9955523610115051,"orthographic":false}