{"cameraMode":{"drawMode":0,"name":"Shaded","section":"Shading Mode"},"sceneLighting":false,"audioPlay":false,"sceneViewState":{"showFog":false,"showMaterialUpdate":false,"showSkybox":false,"showFlares":false,"showImageEffects":false,"showParticleSystems":false,"showVisualEffectGraphs":true,"m_FxEnabled":true},"in2DMode":false,"pivot":{"x":3.5762786865234377e-7,"y":0.6221926212310791,"z":0.014311254024505616},"rotation":{"x":0.01793990284204483,"y":0.9658783078193665,"z":-0.24900728464126588,"w":0.06966230273246765},"size":0.9955523610115051,"orthographic":false}