{"cameraMode":{"drawMode":0,"name":"Shaded","section":"Shading Mode"},"sceneLighting":false,"audioPlay":false,"sceneViewState":{"showFog":false,"showMaterialUpdate":false,"showSkybox":false,"showFlares":false,"showImageEffects":false,"showParticleSystems":false,"showVisualEffectGraphs":true,"m_FxEnabled":true},"in2DMode":false,"pivot":{"x":-0.04660196602344513,"y":0.5153646469116211,"z":0.05571436882019043},"rotation":{"x":-0.06902683526277542,"y":0.9304452538490295,"z":-0.2368946224451065,"w":-0.27108675241470339},"size":1.2104955911636353,"orthographic":false}